Country,ISO,Year,DeathRate
Bahamas,BHS,2019,10.42
Australia,AUS,2019,9.81
France,FRA,2019,10.03
Spain,ESP,2019,10.12
Portugal,PRT,2019,10.0
Switzerland,CHE,2019,10.4
Central African Republic,CAF,2019,99.92
Lesotho,LSO,2019,101.1
Chad,TCD,2019,100.7
Cameroon,CMR,2019,103.0
Oman,OMN,2019,104.1
Egypt,EGY,2019,104.9
Pakistan,PAK,2019,106.7
Yemen,YEM,2019,110.8
Azerbaijan,AZE,2019,113.7
Uzbekistan,UZB,2019,117.1
Japan,JPN,2019,11.79
New Zealand,NZL,2019,12.23
Mongolia,MNG,2019,119.8
Estonia,EST,2019,12.8
Ireland,IRL,2019,12.78
Luxembourg,LUX,2019,12.51
Netherlands (Kingdom of the),NLD,2019,13.15
Denmark,DNK,2019,12.89
United Kingdom of Great Britain and Northern Ireland,GBR,2019,13.45
United States of America,USA,2019,14.22
Afghanistan,AFG,2019,144.7
Germany,DEU,2019,14.73
Costa Rica,CRI,2019,14.8
Italy,ITA,2019,15.0
Belgium,BEL,2019,15.35
Israel,ISR,2019,15.12
Uruguay,URY,2019,16.18
Cyprus,CYP,2019,15.76
Tajikistan,TJK,2019,159.6
Panama,PAN,2019,17.33
Austria,AUT,2019,17.49
Chile,CHL,2019,17.9
Antigua and Barbuda,ATG,2019,19.28
Barbados,BRB,2019,18.84
Slovenia,SVN,2019,18.76
Republic of Korea,KOR,2019,18.89
Brunei Darussalam,BRN,2019,19.61
Saint Lucia,LCA,2019,19.96
Trinidad and Tobago,TTO,2019,19.78
Malta,MLT,2019,20.93
Belize,BLZ,2019,21.12
Jamaica,JAM,2019,21.63
Brazil,BRA,2019,22.78
Singapore,SGP,2019,23.42
Ecuador,ECU,2019,22.76
Greece,GRC,2019,23.05
Tonga,TON,2019,23.87
Colombia,COL,2019,23.7
Saint Vincent and the Grenadines,VCT,2019,24.99
Paraguay,PRY,2019,24.68
Peru,PER,2019,25.91
Dominican Republic,DOM,2019,26.94
Mauritius,MUS,2019,27.8
Argentina,ARG,2019,28.53
Maldives,MDV,2019,29.4
Thailand,THA,2019,29.07
Grenada,GRD,2019,30.37
Mexico,MEX,2019,30.1
Slovakia,SVK,2019,30.37
Cuba,CUB,2019,30.83
El Salvador,SLV,2019,31.06
Croatia,HRV,2019,31.35
Venezuela (Bolivarian Republic of),VEN,2019,32.41
Kenya,KEN,2019,33.39
Czechia,CZE,2019,32.53
Samoa,WSM,2019,33.91
United Republic of Tanzania,TZA,2019,36.28
Sri Lanka,LKA,2019,37.12
Fiji,FJI,2019,36.93
Nicaragua,NIC,2019,37.79
Papua New Guinea,PNG,2019,37.78
Jordan,JOR,2019,37.93
Suriname,SUR,2019,39.01
Russian Federation,RUS,2019,39.32
Lithuania,LTU,2019,38.76
Türkiye,TUR,2019,39.43
Latvia,LVA,2019,40.11
Guatemala,GTM,2019,40.41
Poland,POL,2019,40.93
Hungary,HUN,2019,42.29
Namibia,NAM,2019,43.46
Seychelles,SYC,2019,43.14
Malawi,MWI,2019,43.58
South Sudan,SSD,2019,43.7
Serbia,SRB,2019,45.42
Kuwait,KWT,2019,45.26
Romania,ROU,2019,45.98
Comoros,COM,2019,46.61
South Africa,ZAF,2019,47.17
Ethiopia,ETH,2019,47.56
Algeria,DZA,2019,48.45
Kiribati,KIR,2019,49.2
Honduras,HND,2019,48.99
Haiti,HTI,2019,50.67
Zambia,ZMB,2019,50.85
Iran (Islamic Republic of),IRN,2019,51.31
Guyana,GUY,2019,52.17
Viet Nam,VNM,2019,52.08
Gabon,GAB,2019,53.38
Micronesia (Federated States of),FSM,2019,54.2
Libya,LBY,2019,53.99
Bolivia (Plurinational State of),BOL,2019,54.43
Botswana,BWA,2019,55.43
Tunisia,TUN,2019,54.86
Bosnia and Herzegovina,BIH,2019,55.05
Zimbabwe,ZWE,2019,56.3
Solomon Islands,SLB,2019,57.08
Vanuatu,VUT,2019,56.75
Bhutan,BTN,2019,57.21
Republic of Moldova,MDA,2019,58.2
Indonesia,IDN,2019,58.17
Cabo Verde,CPV,2019,59.36
Madagascar,MDG,2019,58.92
Morocco,MAR,2019,59.27
Lebanon,LBN,2019,58.6
Albania,ALB,2019,59.16
Equatorial Guinea,GNQ,2019,60.01
Djibouti,DJI,2019,59.76
Montenegro,MNE,2019,59.87
Cambodia,KHM,2019,60.23
Timor-Leste,TLS,2019,61.18
Liberia,LBR,2019,61.0
Uganda,UGA,2019,60.71
Angola,AGO,2019,61.93
North Macedonia,MKD,2019,62.26
Rwanda,RWA,2019,63.17
Bulgaria,BGR,2019,62.97
Malaysia,MYS,2019,62.84
Mauritania,MRT,2019,64.45
China,CHN,2019,64.06
Mozambique,MOZ,2019,64.71
Senegal,SEN,2019,65.44
Somalia,SOM,2019,66.06
Ukraine,UKR,2019,66.0
Eswatini,SWZ,2019,66.03
Bangladesh,BGD,2019,66.36
Congo,COG,2019,66.62
Mali,MLI,2019,68.16
Belarus,BLR,2019,67.63
Kazakhstan,KAZ,2019,68.43
Bahrain,BHR,2019,68.15
Georgia,GEO,2019,69.19
Lao People's Democratic Republic,LAO,2019,68.87
Finland,FIN,2019,7.45
Armenia,ARM,2019,69.9
United Arab Emirates,ARE,2019,70.04
Sudan,SDN,2019,70.52
Myanmar,MMR,2019,71.51
Democratic Republic of the Congo,COD,2019,72.54
Burundi,BDI,2019,72.59
Nepal,NPL,2019,76.04
Eritrea,ERI,2019,78.9
Benin,BEN,2019,79.04
Canada,CAN,2019,8.11
Norway,NOR,2019,7.86
Sweden,SWE,2019,8.08
Iceland,ISL,2019,8.16
Nigeria,NGA,2019,82.21
Syrian Arab Republic,SYR,2019,83.24
India,IND,2019,83.4
Sao Tome and Principe,STP,2019,85.77
Democratic People's Republic of Korea,PRK,2019,86.18
Burkina Faso,BFA,2019,86.88
Turkmenistan,TKM,2019,87.03
Iraq,IRQ,2019,87.0
Cote d'Ivoire,CIV,2019,87.82
Kyrgyzstan,KGZ,2019,88.76
Ghana,GHA,2019,90.27
Guinea-Bissau,GNB,2019,90.92
Gambia,GMB,2019,91.48
Qatar,QAT,2019,90.81
Saudi Arabia,SAU,2019,91.17
Togo,TGO,2019,92.36
Philippines,PHL,2019,91.78
Niger,NER,2019,95.77
Guinea,GIN,2019,96.71
Sierra Leone,SLE,2019,97.95
Sierra Leone,SLE,2018,99.59
Guinea,GIN,2018,100.7
Central African Republic,CAF,2018,103.6
Lesotho,LSO,2018,104.4
Chad,TCD,2018,104.4
Egypt,EGY,2018,104.7
Cameroon,CMR,2018,105.6
Yemen,YEM,2018,108.4
New Zealand,NZL,2018,11.17
France,FRA,2018,10.68
Spain,ESP,2018,10.88
Portugal,PRT,2018,11.22
Oman,OMN,2018,110.6
Pakistan,PAK,2018,112.9
Bahamas,BHS,2018,12.26
Switzerland,CHE,2018,11.53
Japan,JPN,2018,12.35
Azerbaijan,AZE,2018,120.3
Mongolia,MNG,2018,120.4
Uzbekistan,UZB,2018,124.4
Ireland,IRL,2018,13.49
Luxembourg,LUX,2018,13.2
Netherlands (Kingdom of the),NLD,2018,13.77
Denmark,DNK,2018,13.99
United Kingdom of Great Britain and Northern Ireland,GBR,2018,14.44
Israel,ISR,2018,15.28
Estonia,EST,2018,15.21
Afghanistan,AFG,2018,150.4
United States of America,USA,2018,15.97
Cyprus,CYP,2018,16.05
Italy,ITA,2018,16.31
Uruguay,URY,2018,16.69
Belgium,BEL,2018,16.52
Costa Rica,CRI,2018,16.71
Tajikistan,TJK,2018,170.1
Panama,PAN,2018,18.01
Germany,DEU,2018,18.07
Brunei Darussalam,BRN,2018,19.49
Barbados,BRB,2018,19.06
Chile,CHL,2018,19.19
Antigua and Barbuda,ATG,2018,20.37
Austria,AUT,2018,19.56
Republic of Korea,KOR,2018,20.41
Saint Lucia,LCA,2018,21.01
Trinidad and Tobago,TTO,2018,21.05
Belize,BLZ,2018,21.34
Malta,MLT,2018,21.77
Jamaica,JAM,2018,22.34
Slovenia,SVN,2018,22.07
Singapore,SGP,2018,22.66
Brazil,BRA,2018,23.48
Ecuador,ECU,2018,23.39
Tonga,TON,2018,24.32
Colombia,COL,2018,24.47
Paraguay,PRY,2018,24.73
Greece,GRC,2018,24.81
Saint Vincent and the Grenadines,VCT,2018,25.94
Peru,PER,2018,26.13
Argentina,ARG,2018,28.14
Mauritius,MUS,2018,29.39
Thailand,THA,2018,28.58
Dominican Republic,DOM,2018,29.68
Maldives,MDV,2018,29.65
Grenada,GRD,2018,31.01
Mexico,MEX,2018,30.76
Cuba,CUB,2018,32.03
El Salvador,SLV,2018,32.08
Samoa,WSM,2018,34.38
Kenya,KEN,2018,33.5
Venezuela (Bolivarian Republic of),VEN,2018,34.1
United Republic of Tanzania,TZA,2018,36.42
Croatia,HRV,2018,35.78
Slovakia,SVK,2018,35.87
Sri Lanka,LKA,2018,37.48
Czechia,CZE,2018,37.59
Papua New Guinea,PNG,2018,37.84
Jordan,JOR,2018,37.72
Fiji,FJI,2018,38.12
Suriname,SUR,2018,39.24
Nicaragua,NIC,2018,38.72
Türkiye,TUR,2018,39.95
Lithuania,LTU,2018,40.5
Latvia,LVA,2018,40.91
Russian Federation,RUS,2018,42.12
Guatemala,GTM,2018,42.07
Seychelles,SYC,2018,42.72
Namibia,NAM,2018,43.94
Malawi,MWI,2018,44.61
Kuwait,KWT,2018,44.72
South Sudan,SSD,2018,45.54
Poland,POL,2018,45.77
Comoros,COM,2018,47.12
Ethiopia,ETH,2018,48.4
Hungary,HUN,2018,47.82
Kiribati,KIR,2018,49.23
Algeria,DZA,2018,48.67
South Africa,ZAF,2018,49.6
Serbia,SRB,2018,50.0
Honduras,HND,2018,50.65
Romania,ROU,2018,51.11
Micronesia (Federated States of),FSM,2018,52.48
Viet Nam,VNM,2018,51.55
Iran (Islamic Republic of),IRN,2018,51.76
Guyana,GUY,2018,53.17
Zambia,ZMB,2018,53.09
Haiti,HTI,2018,53.57
Bolivia (Plurinational State of),BOL,2018,54.13
Gabon,GAB,2018,55.57
Libya,LBY,2018,55.74
Tunisia,TUN,2018,56.07
Zimbabwe,ZWE,2018,56.76
Indonesia,IDN,2018,57.45
Botswana,BWA,2018,58.2
Solomon Islands,SLB,2018,58.84
Vanuatu,VUT,2018,58.93
Timor-Leste,TLS,2018,59.15
Lebanon,LBN,2018,58.65
Cambodia,KHM,2018,59.13
Angola,AGO,2018,60.18
Cabo Verde,CPV,2018,60.0
Madagascar,MDG,2018,60.22
Morocco,MAR,2018,60.05
Bhutan,BTN,2018,59.99
Malaysia,MYS,2018,60.22
Djibouti,DJI,2018,60.76
Uganda,UGA,2018,60.86
Liberia,LBR,2018,61.14
Bosnia and Herzegovina,BIH,2018,60.66
Equatorial Guinea,GNQ,2018,61.81
Republic of Moldova,MDA,2018,62.49
Albania,ALB,2018,61.54
Rwanda,RWA,2018,62.5
Mauritania,MRT,2018,64.11
Eswatini,SWZ,2018,65.39
Mozambique,MOZ,2018,65.74
Somalia,SOM,2018,65.84
Lao People's Democratic Republic,LAO,2018,66.26
Congo,COG,2018,67.42
Senegal,SEN,2018,66.86
Montenegro,MNE,2018,67.02
China,CHN,2018,66.53
North Macedonia,MKD,2018,68.25
Bahrain,BHR,2018,68.4
Ukraine,UKR,2018,69.09
Bulgaria,BGR,2018,68.55
Bangladesh,BGD,2018,69.08
Mali,MLI,2018,70.12
Georgia,GEO,2018,70.45
Belarus,BLR,2018,71.26
Myanmar,MMR,2018,70.94
Sudan,SDN,2018,71.78
United Arab Emirates,ARE,2018,72.1
Burundi,BDI,2018,73.44
Kazakhstan,KAZ,2018,72.86
Democratic Republic of the Congo,COD,2018,73.79
Armenia,ARM,2018,77.09
Finland,FIN,2018,7.81
Australia,AUS,2018,7.99
Norway,NOR,2018,8.22
Nepal,NPL,2018,79.64
Eritrea,ERI,2018,80.7
Benin,BEN,2018,81.44
Syrian Arab Republic,SYR,2018,82.62
Nigeria,NGA,2018,84.91
Iraq,IRQ,2018,85.79
Sao Tome and Principe,STP,2018,86.62
Burkina Faso,BFA,2018,88.07
Philippines,PHL,2018,88.47
India,IND,2018,87.79
Democratic People's Republic of Korea,PRK,2018,88.52
Sweden,SWE,2018,8.68
Iceland,ISL,2018,8.8
Canada,CAN,2018,9.37
Cote d'Ivoire,CIV,2018,90.37
Turkmenistan,TKM,2018,90.22
Gambia,GMB,2018,92.82
Ghana,GHA,2018,93.08
Qatar,QAT,2018,93.64
Saudi Arabia,SAU,2018,93.93
Guinea-Bissau,GNB,2018,95.11
Togo,TGO,2018,94.63
Kyrgyzstan,KGZ,2018,95.54
Niger,NER,2018,97.98
Kyrgyzstan,KGZ,2017,100.1
Niger,NER,2017,100.8
Sierra Leone,SLE,2017,100.9
Guinea,GIN,2017,103.0
Egypt,EGY,2017,104.3
Central African Republic,CAF,2017,105.6
Lesotho,LSO,2017,106.7
Chad,TCD,2017,108.1
Yemen,YEM,2017,109.1
Cameroon,CMR,2017,108.5
New Zealand,NZL,2017,11.38
France,FRA,2017,10.84
Spain,ESP,2017,11.34
Pakistan,PAK,2017,111.6
Switzerland,CHE,2017,11.69
Oman,OMN,2017,121.4
Mongolia,MNG,2017,121.8
Azerbaijan,AZE,2017,127.8
Uzbekistan,UZB,2017,128.7
Japan,JPN,2017,13.21
Bahamas,BHS,2017,12.83
Estonia,EST,2017,13.32
Portugal,PRT,2017,12.84
Luxembourg,LUX,2017,13.4
Denmark,DNK,2017,13.9
Ireland,IRL,2017,13.76
Afghanistan,AFG,2017,146.8
Netherlands (Kingdom of the),NLD,2017,14.6
United Kingdom of Great Britain and Northern Ireland,GBR,2017,14.84
Israel,ISR,2017,15.48
United States of America,USA,2017,15.52
Uruguay,URY,2017,16.56
Italy,ITA,2017,16.61
Belgium,BEL,2017,16.93
Cyprus,CYP,2017,17.36
Germany,DEU,2017,18.3
Tajikistan,TJK,2017,181.6
Costa Rica,CRI,2017,18.52
Panama,PAN,2017,18.84
Barbados,BRB,2017,19.52
Austria,AUT,2017,19.56
Chile,CHL,2017,19.76
Antigua and Barbuda,ATG,2017,20.51
Brunei Darussalam,BRN,2017,20.75
Malta,MLT,2017,20.55
Republic of Korea,KOR,2017,20.73
Saint Lucia,LCA,2017,21.82
Belize,BLZ,2017,21.79
Trinidad and Tobago,TTO,2017,22.55
Jamaica,JAM,2017,22.57
Slovenia,SVN,2017,23.07
Ecuador,ECU,2017,23.83
Tonga,TON,2017,24.53
Singapore,SGP,2017,24.64
Greece,GRC,2017,25.71
Colombia,COL,2017,25.79
Peru,PER,2017,25.93
Saint Vincent and the Grenadines,VCT,2017,26.8
Mauritius,MUS,2017,27.54
Thailand,THA,2017,28.34
Brazil,BRA,2017,28.82
Argentina,ARG,2017,30.1
Maldives,MDV,2017,31.09
Paraguay,PRY,2017,30.94
Dominican Republic,DOM,2017,31.97
Mexico,MEX,2017,32.33
Kenya,KEN,2017,32.81
Cuba,CUB,2017,33.13
El Salvador,SLV,2017,33.22
Grenada,GRD,2017,33.65
Samoa,WSM,2017,34.54
United Republic of Tanzania,TZA,2017,36.83
Venezuela (Bolivarian Republic of),VEN,2017,36.54
Croatia,HRV,2017,37.28
Jordan,JOR,2017,36.73
Papua New Guinea,PNG,2017,37.86
Suriname,SUR,2017,37.87
Czechia,CZE,2017,37.93
Sri Lanka,LKA,2017,38.05
Slovakia,SVK,2017,38.08
Fiji,FJI,2017,38.16
Russian Federation,RUS,2017,39.18
Latvia,LVA,2017,38.6
Lithuania,LTU,2017,39.39
Nicaragua,NIC,2017,41.12
Türkiye,TUR,2017,40.69
Seychelles,SYC,2017,42.88
South Sudan,SSD,2017,43.63
Guatemala,GTM,2017,44.43
Kuwait,KWT,2017,44.24
Malawi,MWI,2017,46.02
Namibia,NAM,2017,46.01
Comoros,COM,2017,47.31
Poland,POL,2017,47.03
Hungary,HUN,2017,48.19
Ethiopia,ETH,2017,48.71
Algeria,DZA,2017,49.09
Kiribati,KIR,2017,50.79
Romania,ROU,2017,51.34
Iran (Islamic Republic of),IRN,2017,51.12
Micronesia (Federated States of),FSM,2017,52.13
Cabo Verde,CPV,2017,51.81
Viet Nam,VNM,2017,51.85
Serbia,SRB,2017,51.85
Zambia,ZMB,2017,54.19
Guyana,GUY,2017,54.46
Libya,LBY,2017,53.72
Bolivia (Plurinational State of),BOL,2017,53.86
Honduras,HND,2017,53.53
South Africa,ZAF,2017,54.08
Haiti,HTI,2017,55.33
Gabon,GAB,2017,55.82
Tunisia,TUN,2017,55.58
Timor-Leste,TLS,2017,57.36
Albania,ALB,2017,57.28
Solomon Islands,SLB,2017,57.52
Zimbabwe,ZWE,2017,58.45
Indonesia,IDN,2017,57.95
Bhutan,BTN,2017,58.09
Vanuatu,VUT,2017,58.74
Botswana,BWA,2017,59.26
Cambodia,KHM,2017,58.56
Angola,AGO,2017,60.18
Republic of Moldova,MDA,2017,60.37
Madagascar,MDG,2017,60.13
Lebanon,LBN,2017,59.68
Malaysia,MYS,2017,60.44
Morocco,MAR,2017,60.88
Uganda,UGA,2017,61.13
Bosnia and Herzegovina,BIH,2017,61.0
Equatorial Guinea,GNQ,2017,61.52
Djibouti,DJI,2017,61.86
Rwanda,RWA,2017,61.93
Liberia,LBR,2017,62.21
Mauritania,MRT,2017,64.07
Mozambique,MOZ,2017,65.36
Ukraine,UKR,2017,65.34
Bahrain,BHR,2017,64.93
Somalia,SOM,2017,66.12
Lao People's Democratic Republic,LAO,2017,65.82
Eswatini,SWZ,2017,67.24
Bangladesh,BGD,2017,66.55
Congo,COG,2017,68.08
Belarus,BLR,2017,68.25
Senegal,SEN,2017,68.22
Montenegro,MNE,2017,67.87
North Macedonia,MKD,2017,68.41
Bulgaria,BGR,2017,70.3
Mali,MLI,2017,71.39
Myanmar,MMR,2017,71.09
Georgia,GEO,2017,72.24
China,CHN,2017,72.0
Democratic Republic of the Congo,COD,2017,73.16
Sudan,SDN,2017,73.19
Burundi,BDI,2017,73.66
United Arab Emirates,ARE,2017,73.69
Kazakhstan,KAZ,2017,75.39
Nepal,NPL,2017,76.18
Armenia,ARM,2017,77.29
Finland,FIN,2017,7.57
Australia,AUS,2017,8.44
Sweden,SWE,2017,8.5
Eritrea,ERI,2017,81.99
Syrian Arab Republic,SYR,2017,82.38
Benin,BEN,2017,82.96
Iraq,IRQ,2017,84.65
India,IND,2017,84.88
Nigeria,NGA,2017,86.49
Philippines,PHL,2017,87.36
Sao Tome and Principe,STP,2017,87.64
Norway,NOR,2017,8.6
Iceland,ISL,2017,8.61
Canada,CAN,2017,9.34
Burkina Faso,BFA,2017,90.95
Cote d'Ivoire,CIV,2017,92.46
Turkmenistan,TKM,2017,91.89
Gambia,GMB,2017,94.39
Ghana,GHA,2017,95.57
Qatar,QAT,2017,96.13
Saudi Arabia,SAU,2017,96.29
Togo,TGO,2017,96.79
Democratic People's Republic of Korea,PRK,2017,97.37
Guinea-Bissau,GNB,2017,97.76
Niger,NER,2016,101.8
Sierra Leone,SLE,2016,102.2
Democratic People's Republic of Korea,PRK,2016,101.6
Guinea,GIN,2016,105.4
Kyrgyzstan,KGZ,2016,104.7
Yemen,YEM,2016,107.1
Central African Republic,CAF,2016,107.9
Chad,TCD,2016,108.4
Egypt,EGY,2016,109.0
New Zealand,NZL,2016,10.62
France,FRA,2016,10.88
Spain,ESP,2016,10.93
Switzerland,CHE,2016,11.47
Cameroon,CMR,2016,111.1
Lesotho,LSO,2016,112.0
Pakistan,PAK,2016,114.3
Bahamas,BHS,2016,11.82
Oman,OMN,2016,123.2
Mongolia,MNG,2016,123.6
Luxembourg,LUX,2016,13.0
Portugal,PRT,2016,12.75
Azerbaijan,AZE,2016,129.6
Uzbekistan,UZB,2016,133.0
Denmark,DNK,2016,14.05
Japan,JPN,2016,14.41
Ireland,IRL,2016,14.1
Afghanistan,AFG,2016,148.8
Netherlands (Kingdom of the),NLD,2016,14.99
United Kingdom of Great Britain and Northern Ireland,GBR,2016,15.42
United States of America,USA,2016,14.83
Italy,ITA,2016,16.03
Israel,ISR,2016,16.19
Estonia,EST,2016,15.6
Belgium,BEL,2016,16.75
Cyprus,CYP,2016,17.88
Germany,DEU,2016,18.43
Tajikistan,TJK,2016,186.8
Barbados,BRB,2016,18.9
Austria,AUT,2016,19.45
Uruguay,URY,2016,19.4
Panama,PAN,2016,19.7
Costa Rica,CRI,2016,19.58
Antigua and Barbuda,ATG,2016,20.56
Saint Lucia,LCA,2016,20.73
Chile,CHL,2016,20.55
Belize,BLZ,2016,20.96
Brunei Darussalam,BRN,2016,22.15
Malta,MLT,2016,21.65
Republic of Korea,KOR,2016,21.6
Trinidad and Tobago,TTO,2016,23.0
Jamaica,JAM,2016,22.62
Slovenia,SVN,2016,22.82
Singapore,SGP,2016,24.68
Ecuador,ECU,2016,24.77
Greece,GRC,2016,24.92
Tonga,TON,2016,24.89
Saint Vincent and the Grenadines,VCT,2016,26.09
Colombia,COL,2016,26.72
Brazil,BRA,2016,26.77
Paraguay,PRY,2016,27.49
Peru,PER,2016,26.65
Mauritius,MUS,2016,28.99
Cuba,CUB,2016,30.41
Thailand,THA,2016,30.22
Dominican Republic,DOM,2016,32.23
Kenya,KEN,2016,32.37
Grenada,GRD,2016,32.19
Maldives,MDV,2016,33.04
El Salvador,SLV,2016,33.47
Mexico,MEX,2016,32.99
Argentina,ARG,2016,33.6
Samoa,WSM,2016,34.75
Croatia,HRV,2016,35.01
Suriname,SUR,2016,35.55
Jordan,JOR,2016,35.96
Czechia,CZE,2016,36.52
Papua New Guinea,PNG,2016,37.47
United Republic of Tanzania,TZA,2016,37.84
Venezuela (Bolivarian Republic of),VEN,2016,38.0
Fiji,FJI,2016,38.27
Slovakia,SVK,2016,40.18
Sri Lanka,LKA,2016,40.33
Latvia,LVA,2016,41.45
Türkiye,TUR,2016,40.87
Russian Federation,RUS,2016,43.03
Lithuania,LTU,2016,42.72
Kuwait,KWT,2016,43.14
South Sudan,SSD,2016,44.9
Nicaragua,NIC,2016,44.68
Seychelles,SYC,2016,45.07
Namibia,NAM,2016,45.83
Hungary,HUN,2016,45.82
Comoros,COM,2016,47.46
Poland,POL,2016,46.6
Guatemala,GTM,2016,46.61
Malawi,MWI,2016,48.07
Serbia,SRB,2016,48.43
Ethiopia,ETH,2016,49.04
Algeria,DZA,2016,49.21
Iran (Islamic Republic of),IRN,2016,50.39
Cabo Verde,CPV,2016,50.59
Romania,ROU,2016,50.74
Kiribati,KIR,2016,51.66
Micronesia (Federated States of),FSM,2016,53.35
Guyana,GUY,2016,53.44
Libya,LBY,2016,53.3
Albania,ALB,2016,52.82
Haiti,HTI,2016,54.93
Zambia,ZMB,2016,55.04
Honduras,HND,2016,54.95
Viet Nam,VNM,2016,55.03
South Africa,ZAF,2016,54.65
Solomon Islands,SLB,2016,57.32
Tunisia,TUN,2016,56.74
Bolivia (Plurinational State of),BOL,2016,56.67
Gabon,GAB,2016,58.04
Bhutan,BTN,2016,58.47
Vanuatu,VUT,2016,59.47
Botswana,BWA,2016,58.75
Morocco,MAR,2016,60.29
Lebanon,LBN,2016,60.5
Djibouti,DJI,2016,61.15
Zimbabwe,ZWE,2016,60.79
Timor-Leste,TLS,2016,60.66
Bosnia and Herzegovina,BIH,2016,61.3
Angola,AGO,2016,62.2
Rwanda,RWA,2016,62.01
Madagascar,MDG,2016,62.08
Indonesia,IDN,2016,62.02
Bahrain,BHR,2016,61.76
Equatorial Guinea,GNQ,2016,62.93
Liberia,LBR,2016,62.85
Cambodia,KHM,2016,62.97
Mauritania,MRT,2016,63.95
Republic of Moldova,MDA,2016,64.31
Uganda,UGA,2016,64.31
Malaysia,MYS,2016,63.95
Bangladesh,BGD,2016,64.33
Mozambique,MOZ,2016,66.41
Montenegro,MNE,2016,66.39
Bulgaria,BGR,2016,67.01
Somalia,SOM,2016,67.96
Senegal,SEN,2016,68.04
North Macedonia,MKD,2016,68.27
Eswatini,SWZ,2016,69.11
Ukraine,UKR,2016,69.95
Congo,COG,2016,70.71
Belarus,BLR,2016,70.66
Lao People's Democratic Republic,LAO,2016,71.06
Sudan,SDN,2016,73.03
Mali,MLI,2016,72.73
United Arab Emirates,ARE,2016,72.91
Democratic Republic of the Congo,COD,2016,74.5
China,CHN,2016,73.81
Burundi,BDI,2016,75.27
Nepal,NPL,2016,77.47
Myanmar,MMR,2016,76.97
Georgia,GEO,2016,78.3
Syrian Arab Republic,SYR,2016,78.29
Armenia,ARM,2016,79.1
Finland,FIN,2016,8.04
Canada,CAN,2016,8.34
Australia,AUS,2016,8.29
Eritrea,ERI,2016,81.37
Kazakhstan,KAZ,2016,82.46
Benin,BEN,2016,84.09
Iraq,IRQ,2016,85.48
Sao Tome and Principe,STP,2016,87.33
India,IND,2016,87.25
Nigeria,NGA,2016,87.66
Norway,NOR,2016,8.57
Sweden,SWE,2016,8.72
Iceland,ISL,2016,8.68
Philippines,PHL,2016,90.16
Burkina Faso,BFA,2016,92.67
Gambia,GMB,2016,93.95
Cote d'Ivoire,CIV,2016,95.39
Guinea-Bissau,GNB,2016,96.94
Saudi Arabia,SAU,2016,97.1
Qatar,QAT,2016,97.41
Ghana,GHA,2016,98.41
Togo,TGO,2016,99.22
Turkmenistan,TKM,2016,98.53
Bahamas,BHS,2015,10.48
Finland,FIN,2015,9.56
Canada,CAN,2015,10.09
Norway,NOR,2015,10.19
Sweden,SWE,2015,10.4
Turkmenistan,TKM,2015,101.4
Ghana,GHA,2015,100.8
Saudi Arabia,SAU,2015,101.0
Qatar,QAT,2015,101.6
Niger,NER,2015,103.1
Togo,TGO,2015,102.5
Sierra Leone,SLE,2015,104.3
Guinea,GIN,2015,106.6
Yemen,YEM,2015,107.7
Democratic People's Republic of Korea,PRK,2015,108.0
Iceland,ISL,2015,10.68
Central African Republic,CAF,2015,110.1
Chad,TCD,2015,110.8
Kyrgyzstan,KGZ,2015,113.9
Cameroon,CMR,2015,113.8
Egypt,EGY,2015,115.5
Lesotho,LSO,2015,118.5
Pakistan,PAK,2015,117.5
New Zealand,NZL,2015,11.53
France,FRA,2015,11.9
Mongolia,MNG,2015,121.0
Oman,OMN,2015,122.3
Spain,ESP,2015,12.57
Switzerland,CHE,2015,13.2
Portugal,PRT,2015,13.09
Azerbaijan,AZE,2015,130.3
Uzbekistan,UZB,2015,137.7
Luxembourg,LUX,2015,13.61
Japan,JPN,2015,14.93
Afghanistan,AFG,2015,151.5
Denmark,DNK,2015,15.64
Ireland,IRL,2015,16.32
Netherlands (Kingdom of the),NLD,2015,16.35
Estonia,EST,2015,17.34
United States of America,USA,2015,16.52
United Kingdom of Great Britain and Northern Ireland,GBR,2015,17.24
Israel,ISR,2015,17.43
Tajikistan,TJK,2015,184.5
Barbados,BRB,2015,18.98
Cyprus,CYP,2015,18.75
Uruguay,URY,2015,19.28
Italy,ITA,2015,18.55
Belgium,BEL,2015,18.52
Saint Lucia,LCA,2015,19.96
Costa Rica,CRI,2015,19.5
Antigua and Barbuda,ATG,2015,20.96
Belize,BLZ,2015,21.34
Panama,PAN,2015,20.55
Germany,DEU,2015,20.76
Austria,AUT,2015,22.03
Chile,CHL,2015,21.65
Brunei Darussalam,BRN,2015,22.52
Malta,MLT,2015,22.84
Jamaica,JAM,2015,22.76
Republic of Korea,KOR,2015,22.67
Trinidad and Tobago,TTO,2015,23.65
Paraguay,PRY,2015,24.39
Slovenia,SVN,2015,24.61
Ecuador,ECU,2015,25.06
Tonga,TON,2015,24.94
Singapore,SGP,2015,26.54
Brazil,BRA,2015,26.79
Peru,PER,2015,27.45
Saint Vincent and the Grenadines,VCT,2015,28.17
Colombia,COL,2015,27.68
Greece,GRC,2015,28.01
Thailand,THA,2015,28.4
Mauritius,MUS,2015,29.81
Dominican Republic,DOM,2015,31.56
Cuba,CUB,2015,31.57
Maldives,MDV,2015,31.53
Argentina,ARG,2015,31.84
Mexico,MEX,2015,32.12
Kenya,KEN,2015,32.62
Grenada,GRD,2015,33.1
Suriname,SUR,2015,34.29
Samoa,WSM,2015,35.86
Jordan,JOR,2015,36.08
Fiji,FJI,2015,38.28
United Republic of Tanzania,TZA,2015,37.64
Venezuela (Bolivarian Republic of),VEN,2015,38.09
Sri Lanka,LKA,2015,39.26
Papua New Guinea,PNG,2015,38.99
Czechia,CZE,2015,40.24
Croatia,HRV,2015,40.29
Türkiye,TUR,2015,41.39
Seychelles,SYC,2015,42.4
El Salvador,SLV,2015,42.23
Kuwait,KWT,2015,42.75
South Sudan,SSD,2015,43.76
Slovakia,SVK,2015,43.69
Latvia,LVA,2015,45.22
Nicaragua,NIC,2015,45.19
Namibia,NAM,2015,47.15
Russian Federation,RUS,2015,47.37
Lithuania,LTU,2015,46.55
Guatemala,GTM,2015,48.08
Kiribati,KIR,2015,49.06
Malawi,MWI,2015,49.3
Comoros,COM,2015,48.64
Ethiopia,ETH,2015,49.47
Algeria,DZA,2015,49.37
Cabo Verde,CPV,2015,49.12
Hungary,HUN,2015,49.75
Iran (Islamic Republic of),IRN,2015,50.34
Micronesia (Federated States of),FSM,2015,52.29
Libya,LBY,2015,52.0
Albania,ALB,2015,51.52
Guyana,GUY,2015,53.31
Viet Nam,VNM,2015,52.89
Poland,POL,2015,52.55
Serbia,SRB,2015,52.6
Romania,ROU,2015,53.85
Haiti,HTI,2015,54.99
South Africa,ZAF,2015,55.18
Zambia,ZMB,2015,56.29
Tunisia,TUN,2015,55.73
Timor-Leste,TLS,2015,56.67
Bolivia (Plurinational State of),BOL,2015,56.59
Solomon Islands,SLB,2015,58.66
Gabon,GAB,2015,59.29
Vanuatu,VUT,2015,60.34
Morocco,MAR,2015,60.38
Honduras,HND,2015,60.01
Indonesia,IDN,2015,60.25
Cambodia,KHM,2015,60.1
Djibouti,DJI,2015,60.93
Botswana,BWA,2015,60.65
Lebanon,LBN,2015,61.49
Bhutan,BTN,2015,60.98
Malaysia,MYS,2015,61.03
Rwanda,RWA,2015,62.17
Madagascar,MDG,2015,62.11
Bahrain,BHR,2015,61.89
Equatorial Guinea,GNQ,2015,63.27
Angola,AGO,2015,62.53
Zimbabwe,ZWE,2015,62.76
Uganda,UGA,2015,63.92
Liberia,LBR,2015,64.46
Bosnia and Herzegovina,BIH,2015,64.49
Mauritania,MRT,2015,64.78
Bangladesh,BGD,2015,66.18
Lao People's Democratic Republic,LAO,2015,67.33
Mozambique,MOZ,2015,68.0
Somalia,SOM,2015,67.66
Montenegro,MNE,2015,67.98
Congo,COG,2015,70.36
Bulgaria,BGR,2015,69.91
North Macedonia,MKD,2015,70.15
Senegal,SEN,2015,70.54
Eswatini,SWZ,2015,71.83
Republic of Moldova,MDA,2015,72.92
United Arab Emirates,ARE,2015,73.25
Sudan,SDN,2015,73.67
Mali,MLI,2015,73.99
Myanmar,MMR,2015,73.79
Ukraine,UKR,2015,74.87
Belarus,BLR,2015,75.12
Syrian Arab Republic,SYR,2015,74.61
Democratic Republic of the Congo,COD,2015,75.97
Burundi,BDI,2015,76.34
Georgia,GEO,2015,75.85
Armenia,ARM,2015,75.97
China,CHN,2015,77.25
Nepal,NPL,2015,79.44
Eritrea,ERI,2015,82.78
Philippines,PHL,2015,84.96
Benin,BEN,2015,85.53
Kazakhstan,KAZ,2015,86.34
Sao Tome and Principe,STP,2015,87.22
Iraq,IRQ,2015,86.87
Nigeria,NGA,2015,88.25
Australia,AUS,2015,8.54
India,IND,2015,90.83
Burkina Faso,BFA,2015,94.51
Gambia,GMB,2015,97.02
Guinea-Bissau,GNB,2015,98.49
Cote d'Ivoire,CIV,2015,99.12
Bahamas,BHS,2014,10.4
Finland,FIN,2014,9.74
Iceland,ISL,2014,9.97
Norway,NOR,2014,9.85
Sweden,SWE,2014,10.33
Canada,CAN,2014,10.38
Cote d'Ivoire,CIV,2014,99.77
Saudi Arabia,SAU,2014,100.1
Togo,TGO,2014,101.4
Niger,NER,2014,101.7
Guinea-Bissau,GNB,2014,103.2
Sierra Leone,SLE,2014,103.9
Guinea,GIN,2014,104.7
Yemen,YEM,2014,105.8
Turkmenistan,TKM,2014,105.6
Egypt,EGY,2014,107.2
Chad,TCD,2014,108.4
Central African Republic,CAF,2014,108.6
France,FRA,2014,11.19
Democratic People's Republic of Korea,PRK,2014,111.4
Cameroon,CMR,2014,113.2
Oman,OMN,2014,118.1
Pakistan,PAK,2014,119.4
Spain,ESP,2014,11.52
New Zealand,NZL,2014,12.24
Portugal,PRT,2014,12.19
Kyrgyzstan,KGZ,2014,119.8
Lesotho,LSO,2014,121.4
Mongolia,MNG,2014,123.5
Switzerland,CHE,2014,12.65
Azerbaijan,AZE,2014,131.8
Luxembourg,LUX,2014,13.76
Uzbekistan,UZB,2014,142.7
Denmark,DNK,2014,15.29
Afghanistan,AFG,2014,154.1
Netherlands (Kingdom of the),NLD,2014,15.78
Ireland,IRL,2014,16.12
Japan,JPN,2014,15.84
United States of America,USA,2014,16.95
United Kingdom of Great Britain and Northern Ireland,GBR,2014,16.63
Israel,ISR,2014,16.57
Italy,ITA,2014,17.21
Barbados,BRB,2014,18.33
Uruguay,URY,2014,17.96
Belgium,BEL,2014,17.73
Tajikistan,TJK,2014,182.0
Saint Lucia,LCA,2014,19.0
Cyprus,CYP,2014,19.61
Austria,AUT,2014,20.41
Germany,DEU,2014,19.96
Antigua and Barbuda,ATG,2014,21.0
Estonia,EST,2014,21.25
Costa Rica,CRI,2014,21.12
Belize,BLZ,2014,20.99
Panama,PAN,2014,22.43
Jamaica,JAM,2014,22.24
Chile,CHL,2014,22.42
Brunei Darussalam,BRN,2014,23.01
Republic of Korea,KOR,2014,22.9
Trinidad and Tobago,TTO,2014,23.85
Slovenia,SVN,2014,24.16
Malta,MLT,2014,24.5
Tonga,TON,2014,24.67
Paraguay,PRY,2014,25.49
Ecuador,ECU,2014,25.67
Colombia,COL,2014,26.74
Greece,GRC,2014,26.65
Saint Vincent and the Grenadines,VCT,2014,27.67
Singapore,SGP,2014,27.51
Brazil,BRA,2014,28.43
Thailand,THA,2014,28.24
Mauritius,MUS,2014,28.99
Peru,PER,2014,29.43
Dominican Republic,DOM,2014,29.94
Cuba,CUB,2014,30.16
Argentina,ARG,2014,30.43
Grenada,GRD,2014,31.09
Suriname,SUR,2014,32.45
Maldives,MDV,2014,31.91
Mexico,MEX,2014,31.56
Kenya,KEN,2014,33.22
Samoa,WSM,2014,34.39
El Salvador,SLV,2014,33.8
Jordan,JOR,2014,36.23
Papua New Guinea,PNG,2014,36.48
Fiji,FJI,2014,37.83
United Republic of Tanzania,TZA,2014,37.54
Croatia,HRV,2014,38.95
Sri Lanka,LKA,2014,39.72
Venezuela (Bolivarian Republic of),VEN,2014,40.18
Czechia,CZE,2014,39.56
South Sudan,SSD,2014,41.61
Seychelles,SYC,2014,41.89
Türkiye,TUR,2014,42.04
Kuwait,KWT,2014,41.86
Namibia,NAM,2014,46.5
Cabo Verde,CPV,2014,46.07
Nicaragua,NIC,2014,45.67
Slovakia,SVK,2014,46.39
Lithuania,LTU,2014,47.44
Albania,ALB,2014,48.38
Guatemala,GTM,2014,48.07
Micronesia (Federated States of),FSM,2014,49.05
Kiribati,KIR,2014,49.12
Comoros,COM,2014,48.71
Hungary,HUN,2014,48.85
Malawi,MWI,2014,50.1
Ethiopia,ETH,2014,49.64
Algeria,DZA,2014,49.99
Latvia,LVA,2014,49.85
Iran (Islamic Republic of),IRN,2014,49.8
Guyana,GUY,2014,51.12
Poland,POL,2014,51.12
Libya,LBY,2014,52.41
Viet Nam,VNM,2014,52.71
Serbia,SRB,2014,52.68
Romania,ROU,2014,54.07
Haiti,HTI,2014,54.72
Russian Federation,RUS,2014,54.6
South Africa,ZAF,2014,55.23
Solomon Islands,SLB,2014,56.94
Tunisia,TUN,2014,57.15
Vanuatu,VUT,2014,58.47
Zambia,ZMB,2014,57.51
Timor-Leste,TLS,2014,58.49
Bolivia (Plurinational State of),BOL,2014,57.72
Equatorial Guinea,GNQ,2014,59.06
Gabon,GAB,2014,58.98
Indonesia,IDN,2014,59.93
Honduras,HND,2014,59.88
Cambodia,KHM,2014,60.15
Malaysia,MYS,2014,60.27
Angola,AGO,2014,61.49
Djibouti,DJI,2014,61.41
Morocco,MAR,2014,60.63
Lebanon,LBN,2014,61.48
Botswana,BWA,2014,61.52
Bhutan,BTN,2014,62.1
Bahrain,BHR,2014,61.5
Zimbabwe,ZWE,2014,63.1
Rwanda,RWA,2014,63.09
Mauritania,MRT,2014,63.32
Madagascar,MDG,2014,63.24
Bosnia and Herzegovina,BIH,2014,64.25
Uganda,UGA,2014,64.77
Lao People's Democratic Republic,LAO,2014,67.32
Somalia,SOM,2014,67.7
Bangladesh,BGD,2014,67.98
Montenegro,MNE,2014,68.83
Mozambique,MOZ,2014,69.58
Liberia,LBR,2014,69.88
Senegal,SEN,2014,69.91
Bulgaria,BGR,2014,71.41
North Macedonia,MKD,2014,72.45
United Arab Emirates,ARE,2014,71.88
Sudan,SDN,2014,73.1
Mali,MLI,2014,73.1
Congo,COG,2014,73.58
Myanmar,MMR,2014,74.16
Syrian Arab Republic,SYR,2014,75.53
Georgia,GEO,2014,76.36
Philippines,PHL,2014,75.66
Eswatini,SWZ,2014,76.95
Democratic Republic of the Congo,COD,2014,77.95
Burundi,BDI,2014,77.85
Armenia,ARM,2014,79.35
Republic of Moldova,MDA,2014,79.95
Nepal,NPL,2014,80.32
Belarus,BLR,2014,81.24
Eritrea,ERI,2014,82.16
China,CHN,2014,82.1
Ukraine,UKR,2014,83.68
Benin,BEN,2014,83.77
Iraq,IRQ,2014,86.11
Sao Tome and Principe,STP,2014,87.02
Nigeria,NGA,2014,89.1
Australia,AUS,2014,9.27
Kazakhstan,KAZ,2014,90.51
Burkina Faso,BFA,2014,92.11
India,IND,2014,93.6
Qatar,QAT,2014,95.27
Gambia,GMB,2014,96.52
Ghana,GHA,2014,97.96
Australia,AUS,2013,9.64
Ghana,GHA,2013,100.6
Niger,NER,2013,102.4
Guinea,GIN,2013,103.3
Sierra Leone,SLE,2013,104.2
Cote d'Ivoire,CIV,2013,103.6
Togo,TGO,2013,103.8
Guinea-Bissau,GNB,2013,105.2
Egypt,EGY,2013,105.2
Saudi Arabia,SAU,2013,105.2
Central African Republic,CAF,2013,108.0
Yemen,YEM,2013,109.2
Finland,FIN,2013,11.27
Canada,CAN,2013,10.7
Iceland,ISL,2013,11.15
Turkmenistan,TKM,2013,109.7
Chad,TCD,2013,110.7
Cameroon,CMR,2013,115.6
Lesotho,LSO,2013,118.2
Oman,OMN,2013,118.5
Democratic People's Republic of Korea,PRK,2013,118.7
Sweden,SWE,2013,11.63
Norway,NOR,2013,11.76
Kyrgyzstan,KGZ,2013,122.0
Pakistan,PAK,2013,122.9
New Zealand,NZL,2013,12.81
France,FRA,2013,12.63
Spain,ESP,2013,12.56
Mongolia,MNG,2013,132.5
Azerbaijan,AZE,2013,132.6
Switzerland,CHE,2013,14.29
Uzbekistan,UZB,2013,144.5
Luxembourg,LUX,2013,15.09
Portugal,PRT,2013,14.53
Japan,JPN,2013,16.41
Afghanistan,AFG,2013,160.6
Denmark,DNK,2013,17.18
Barbados,BRB,2013,17.53
Saint Lucia,LCA,2013,17.66
United States of America,USA,2013,17.57
Ireland,IRL,2013,17.54
Netherlands (Kingdom of the),NLD,2013,17.53
United Kingdom of Great Britain and Northern Ireland,GBR,2013,18.42
Israel,ISR,2013,17.51
Tajikistan,TJK,2013,181.8
Uruguay,URY,2013,19.01
Jamaica,JAM,2013,19.15
Italy,ITA,2013,18.6
Antigua and Barbuda,ATG,2013,19.81
Belize,BLZ,2013,19.63
Belgium,BEL,2013,20.18
Costa Rica,CRI,2013,20.86
Cyprus,CYP,2013,20.65
Austria,AUT,2013,22.45
Germany,DEU,2013,22.37
Estonia,EST,2013,22.55
Republic of Korea,KOR,2013,23.39
Tonga,TON,2013,23.88
Brunei Darussalam,BRN,2013,23.72
Trinidad and Tobago,TTO,2013,24.12
Panama,PAN,2013,24.06
Chile,CHL,2013,23.92
Slovenia,SVN,2013,24.81
Ecuador,ECU,2013,26.38
Dominican Republic,DOM,2013,26.4
Colombia,COL,2013,27.37
Saint Vincent and the Grenadines,VCT,2013,27.99
Mauritius,MUS,2013,28.26
Paraguay,PRY,2013,27.98
Malta,MLT,2013,27.66
Singapore,SGP,2013,28.01
Cuba,CUB,2013,29.16
Brazil,BRA,2013,29.27
Grenada,GRD,2013,29.91
Thailand,THA,2013,29.93
Suriname,SUR,2013,31.05
Greece,GRC,2013,30.61
Peru,PER,2013,30.56
Mexico,MEX,2013,31.72
Argentina,ARG,2013,32.67
El Salvador,SLV,2013,33.18
Samoa,WSM,2013,34.21
Kenya,KEN,2013,33.97
Maldives,MDV,2013,34.77
Papua New Guinea,PNG,2013,36.05
Jordan,JOR,2013,37.17
Fiji,FJI,2013,36.67
United Republic of Tanzania,TZA,2013,39.01
Venezuela (Bolivarian Republic of),VEN,2013,38.58
Croatia,HRV,2013,39.55
South Sudan,SSD,2013,42.48
Türkiye,TUR,2013,41.99
Sri Lanka,LKA,2013,42.94
Czechia,CZE,2013,43.39
Kuwait,KWT,2013,43.6
Namibia,NAM,2013,45.48
Seychelles,SYC,2013,45.25
Cabo Verde,CPV,2013,46.3
Nicaragua,NIC,2013,47.05
Comoros,COM,2013,47.99
Algeria,DZA,2013,49.21
Albania,ALB,2013,49.15
Guyana,GUY,2013,50.27
Lithuania,LTU,2013,49.73
Hungary,HUN,2013,49.65
Iran (Islamic Republic of),IRN,2013,50.47
Guatemala,GTM,2013,50.38
Kiribati,KIR,2013,51.01
Micronesia (Federated States of),FSM,2013,50.97
Malawi,MWI,2013,51.33
Ethiopia,ETH,2013,51.37
Slovakia,SVK,2013,50.66
Libya,LBY,2013,51.62
Latvia,LVA,2013,51.67
Haiti,HTI,2013,52.62
Russian Federation,RUS,2013,53.16
Serbia,SRB,2013,52.55
Romania,ROU,2013,53.67
Poland,POL,2013,54.27
Gabon,GAB,2013,55.36
South Africa,ZAF,2013,55.48
Viet Nam,VNM,2013,56.43
Solomon Islands,SLB,2013,56.55
Tunisia,TUN,2013,56.92
Bolivia (Plurinational State of),BOL,2013,56.74
Vanuatu,VUT,2013,59.11
Equatorial Guinea,GNQ,2013,59.21
Zambia,ZMB,2013,59.26
Timor-Leste,TLS,2013,61.2
Morocco,MAR,2013,60.53
Lebanon,LBN,2013,62.27
Honduras,HND,2013,61.62
Djibouti,DJI,2013,62.72
Botswana,BWA,2013,63.02
Bhutan,BTN,2013,63.43
Malaysia,MYS,2013,62.62
Bosnia and Herzegovina,BIH,2013,63.26
Zimbabwe,ZWE,2013,63.84
Rwanda,RWA,2013,64.07
Mauritania,MRT,2013,64.14
Madagascar,MDG,2013,64.05
Indonesia,IDN,2013,63.55
Cambodia,KHM,2013,65.03
Angola,AGO,2013,66.38
Bahrain,BHR,2013,66.08
Uganda,UGA,2013,68.13
Bangladesh,BGD,2013,68.09
Bulgaria,BGR,2013,69.18
Montenegro,MNE,2013,68.79
Liberia,LBR,2013,69.85
Somalia,SOM,2013,70.92
Senegal,SEN,2013,71.32
North Macedonia,MKD,2013,70.98
Mozambique,MOZ,2013,71.77
Mali,MLI,2013,72.21
Lao People's Democratic Republic,LAO,2013,72.5
United Arab Emirates,ARE,2013,73.98
Sudan,SDN,2013,75.6
Congo,COG,2013,76.51
Republic of Moldova,MDA,2013,78.44
Georgia,GEO,2013,77.85
Armenia,ARM,2013,79.1
Myanmar,MMR,2013,79.23
Burundi,BDI,2013,79.94
Democratic Republic of the Congo,COD,2013,80.75
Ukraine,UKR,2013,81.29
Syrian Arab Republic,SYR,2013,81.39
Nepal,NPL,2013,81.22
Eswatini,SWZ,2013,82.46
Belarus,BLR,2013,82.88
Eritrea,ERI,2013,84.95
Benin,BEN,2013,84.59
Sao Tome and Principe,STP,2013,87.26
Nigeria,NGA,2013,89.23
Bahamas,BHS,2013,9.17
Iraq,IRQ,2013,90.15
Philippines,PHL,2013,89.92
China,CHN,2013,90.14
Burkina Faso,BFA,2013,93.23
Gambia,GMB,2013,96.46
India,IND,2013,96.21
Kazakhstan,KAZ,2013,96.53
Qatar,QAT,2013,96.94
Australia,AUS,2012,10.12
Gambia,GMB,2012,99.65
Qatar,QAT,2012,99.89
Kazakhstan,KAZ,2012,103.9
Ghana,GHA,2012,104.0
Niger,NER,2012,105.0
Guinea,GIN,2012,105.3
Togo,TGO,2012,106.7
Cote d'Ivoire,CIV,2012,107.3
Guinea-Bissau,GNB,2012,107.9
Saudi Arabia,SAU,2012,108.5
Bahamas,BHS,2012,10.67
Canada,CAN,2012,11.21
Central African Republic,CAF,2012,110.0
Sierra Leone,SLE,2012,110.3
Yemen,YEM,2012,111.0
Democratic People's Republic of Korea,PRK,2012,110.6
Lesotho,LSO,2012,112.5
Egypt,EGY,2012,111.9
Chad,TCD,2012,113.3
Turkmenistan,TKM,2012,114.0
Oman,OMN,2012,116.4
Cameroon,CMR,2012,119.4
Finland,FIN,2012,12.42
Iceland,ISL,2012,12.18
Pakistan,PAK,2012,123.1
France,FRA,2012,13.49
Norway,NOR,2012,12.88
Sweden,SWE,2012,13.07
Kyrgyzstan,KGZ,2012,135.1
Azerbaijan,AZE,2012,135.7
Spain,ESP,2012,14.09
New Zealand,NZL,2012,13.9
Mongolia,MNG,2012,142.3
Switzerland,CHE,2012,15.01
Uzbekistan,UZB,2012,151.1
Portugal,PRT,2012,15.8
Japan,JPN,2012,16.05
Afghanistan,AFG,2012,160.0
Saint Lucia,LCA,2012,17.36
Luxembourg,LUX,2012,16.56
Barbados,BRB,2012,17.51
Ireland,IRL,2012,18.32
United States of America,USA,2012,18.14
Denmark,DNK,2012,18.02
Israel,ISR,2012,18.1
Tajikistan,TJK,2012,187.2
United Kingdom of Great Britain and Northern Ireland,GBR,2012,18.93
Jamaica,JAM,2012,19.23
Netherlands (Kingdom of the),NLD,2012,19.42
Antigua and Barbuda,ATG,2012,20.07
Uruguay,URY,2012,19.66
Belize,BLZ,2012,19.66
Italy,ITA,2012,20.05
Costa Rica,CRI,2012,20.83
Belgium,BEL,2012,20.83
Brunei Darussalam,BRN,2012,21.7
Germany,DEU,2012,22.2
Estonia,EST,2012,23.09
Austria,AUT,2012,23.05
Panama,PAN,2012,22.68
Cyprus,CYP,2012,23.04
Chile,CHL,2012,23.1
Tonga,TON,2012,23.9
Republic of Korea,KOR,2012,24.07
Trinidad and Tobago,TTO,2012,24.67
Dominican Republic,DOM,2012,25.87
Singapore,SGP,2012,26.99
Slovenia,SVN,2012,26.55
Colombia,COL,2012,26.72
Ecuador,ECU,2012,27.31
Saint Vincent and the Grenadines,VCT,2012,29.14
Mauritius,MUS,2012,29.18
Paraguay,PRY,2012,29.3
Cuba,CUB,2012,29.52
Grenada,GRD,2012,29.62
Malta,MLT,2012,30.18
Thailand,THA,2012,30.03
Argentina,ARG,2012,31.08
Brazil,BRA,2012,30.79
Mexico,MEX,2012,30.85
Peru,PER,2012,31.07
Suriname,SUR,2012,31.66
El Salvador,SLV,2012,32.12
Samoa,WSM,2012,34.12
Kenya,KEN,2012,34.09
Maldives,MDV,2012,35.44
Greece,GRC,2012,34.7
Papua New Guinea,PNG,2012,36.17
Fiji,FJI,2012,36.93
United Republic of Tanzania,TZA,2012,39.32
Venezuela (Bolivarian Republic of),VEN,2012,38.73
Jordan,JOR,2012,38.77
Sri Lanka,LKA,2012,41.15
Türkiye,TUR,2012,41.2
Croatia,HRV,2012,43.91
South Sudan,SSD,2012,44.99
Nicaragua,NIC,2012,45.44
Seychelles,SYC,2012,45.3
Kuwait,KWT,2012,44.52
Namibia,NAM,2012,46.21
Czechia,CZE,2012,46.1
Cabo Verde,CPV,2012,47.5
Micronesia (Federated States of),FSM,2012,49.48
Comoros,COM,2012,48.82
Lithuania,LTU,2012,49.87
Guatemala,GTM,2012,49.65
Kiribati,KIR,2012,50.93
Libya,LBY,2012,50.74
Algeria,DZA,2012,51.43
Slovakia,SVK,2012,51.17
Iran (Islamic Republic of),IRN,2012,51.16
Guyana,GUY,2012,52.59
Ethiopia,ETH,2012,53.38
Latvia,LVA,2012,52.82
Hungary,HUN,2012,52.89
Albania,ALB,2012,53.28
Malawi,MWI,2012,53.6
Haiti,HTI,2012,54.42
Russian Federation,RUS,2012,54.28
Solomon Islands,SLB,2012,55.44
Poland,POL,2012,55.29
Bolivia (Plurinational State of),BOL,2012,56.32
Viet Nam,VNM,2012,55.62
Serbia,SRB,2012,55.65
Gabon,GAB,2012,57.26
Tunisia,TUN,2012,57.33
South Africa,ZAF,2012,57.11
Vanuatu,VUT,2012,58.49
Morocco,MAR,2012,58.43
Romania,ROU,2012,58.61
Honduras,HND,2012,59.25
Zambia,ZMB,2012,61.21
Timor-Leste,TLS,2012,60.78
Equatorial Guinea,GNQ,2012,62.4
Lebanon,LBN,2012,63.03
Indonesia,IDN,2012,63.0
Bhutan,BTN,2012,63.2
Djibouti,DJI,2012,63.56
Botswana,BWA,2012,64.26
Madagascar,MDG,2012,64.44
Cambodia,KHM,2012,63.97
Malaysia,MYS,2012,64.79
Bosnia and Herzegovina,BIH,2012,64.89
Zimbabwe,ZWE,2012,66.12
Rwanda,RWA,2012,66.88
Mauritania,MRT,2012,67.12
Angola,AGO,2012,67.62
Bangladesh,BGD,2012,68.34
Uganda,UGA,2012,70.23
Somalia,SOM,2012,71.79
Bulgaria,BGR,2012,71.67
Lao People's Democratic Republic,LAO,2012,72.08
Mozambique,MOZ,2012,72.54
Montenegro,MNE,2012,73.09
Bahrain,BHR,2012,72.62
Senegal,SEN,2012,74.01
Mali,MLI,2012,75.21
Liberia,LBR,2012,74.86
United Arab Emirates,ARE,2012,75.68
Sudan,SDN,2012,76.94
Congo,COG,2012,78.89
Nepal,NPL,2012,79.13
Syrian Arab Republic,SYR,2012,80.22
Myanmar,MMR,2012,79.62
North Macedonia,MKD,2012,79.86
Ukraine,UKR,2012,81.19
Burundi,BDI,2012,81.82
Republic of Moldova,MDA,2012,82.09
Democratic Republic of the Congo,COD,2012,83.39
Belarus,BLR,2012,83.01
Georgia,GEO,2012,83.42
Armenia,ARM,2012,83.24
Eswatini,SWZ,2012,85.3
Eritrea,ERI,2012,86.47
China,CHN,2012,85.74
Benin,BEN,2012,86.54
Philippines,PHL,2012,87.34
Sao Tome and Principe,STP,2012,89.46
Iraq,IRQ,2012,92.56
Nigeria,NGA,2012,92.72
India,IND,2012,93.38
Burkina Faso,BFA,2012,93.98
Guinea,GIN,2011,102.7
Niger,NER,2011,105.4
Qatar,QAT,2011,104.8
Kazakhstan,KAZ,2011,105.8
Egypt,EGY,2011,105.8
Ghana,GHA,2011,105.6
Lesotho,LSO,2011,107.2
Sierra Leone,SLE,2011,107.6
Togo,TGO,2011,107.5
Cote d'Ivoire,CIV,2011,107.6
Guinea-Bissau,GNB,2011,109.3
Yemen,YEM,2011,110.1
Saudi Arabia,SAU,2011,110.4
Democratic People's Republic of Korea,PRK,2011,111.3
Central African Republic,CAF,2011,112.3
Chad,TCD,2011,112.5
Turkmenistan,TKM,2011,119.3
Australia,AUS,2011,11.78
Canada,CAN,2011,11.67
Oman,OMN,2011,121.4
Cameroon,CMR,2011,121.9
Pakistan,PAK,2011,123.5
Azerbaijan,AZE,2011,135.8
Kyrgyzstan,KGZ,2011,136.6
France,FRA,2011,13.88
Finland,FIN,2011,14.33
Iceland,ISL,2011,14.33
Mongolia,MNG,2011,148.3
Norway,NOR,2011,14.71
Spain,ESP,2011,15.17
Sweden,SWE,2011,14.83
Uzbekistan,UZB,2011,151.4
New Zealand,NZL,2011,15.74
Switzerland,CHE,2011,15.61
Saint Lucia,LCA,2011,16.36
Afghanistan,AFG,2011,162.2
Barbados,BRB,2011,17.11
Portugal,PRT,2011,17.01
Japan,JPN,2011,17.69
Luxembourg,LUX,2011,18.17
Tajikistan,TJK,2011,186.8
United States of America,USA,2011,18.98
Belize,BLZ,2011,19.64
Antigua and Barbuda,ATG,2011,20.26
Uruguay,URY,2011,19.82
Ireland,IRL,2011,20.2
Israel,ISR,2011,19.5
United Kingdom of Great Britain and Northern Ireland,GBR,2011,20.27
Denmark,DNK,2011,20.36
Jamaica,JAM,2011,20.7
Costa Rica,CRI,2011,20.91
Italy,ITA,2011,21.32
Netherlands (Kingdom of the),NLD,2011,20.87
Belgium,BEL,2011,22.29
Tonga,TON,2011,23.24
Chile,CHL,2011,22.52
Dominican Republic,DOM,2011,23.03
Estonia,EST,2011,24.26
Trinidad and Tobago,TTO,2011,24.22
Brunei Darussalam,BRN,2011,23.77
Germany,DEU,2011,23.77
Austria,AUT,2011,24.37
Panama,PAN,2011,24.1
Cyprus,CYP,2011,25.27
Republic of Korea,KOR,2011,25.34
Ecuador,ECU,2011,26.84
Colombia,COL,2011,27.47
Slovenia,SVN,2011,27.21
Saint Vincent and the Grenadines,VCT,2011,29.21
Cuba,CUB,2011,28.61
Mauritius,MUS,2011,29.5
Singapore,SGP,2011,28.99
Suriname,SUR,2011,30.44
Thailand,THA,2011,29.99
Grenada,GRD,2011,30.99
Peru,PER,2011,30.9
Paraguay,PRY,2011,31.57
Malta,MLT,2011,32.25
Mexico,MEX,2011,31.88
Samoa,WSM,2011,32.66
Argentina,ARG,2011,32.64
Brazil,BRA,2011,33.17
Kenya,KEN,2011,34.19
Papua New Guinea,PNG,2011,34.66
Maldives,MDV,2011,35.36
El Salvador,SLV,2011,36.3
Greece,GRC,2011,36.16
Fiji,FJI,2011,36.71
United Republic of Tanzania,TZA,2011,40.42
Jordan,JOR,2011,39.56
Venezuela (Bolivarian Republic of),VEN,2011,40.84
Sri Lanka,LKA,2011,42.0
Türkiye,TUR,2011,41.92
Seychelles,SYC,2011,43.07
South Sudan,SSD,2011,44.36
Nicaragua,NIC,2011,44.79
Kuwait,KWT,2011,46.26
Cabo Verde,CPV,2011,46.67
Croatia,HRV,2011,47.37
Micronesia (Federated States of),FSM,2011,48.06
Namibia,NAM,2011,47.64
Comoros,COM,2011,48.72
Czechia,CZE,2011,48.91
Albania,ALB,2011,48.69
Libya,LBY,2011,50.7
Algeria,DZA,2011,51.16
Kiribati,KIR,2011,52.19
Haiti,HTI,2011,52.04
Guyana,GUY,2011,51.86
Lithuania,LTU,2011,52.12
Guatemala,GTM,2011,51.93
Honduras,HND,2011,52.81
Iran (Islamic Republic of),IRN,2011,52.62
Viet Nam,VNM,2011,54.37
Solomon Islands,SLB,2011,55.34
Latvia,LVA,2011,54.58
Malawi,MWI,2011,56.21
Ethiopia,ETH,2011,55.92
Hungary,HUN,2011,55.89
Bolivia (Plurinational State of),BOL,2011,56.13
Poland,POL,2011,56.1
Russian Federation,RUS,2011,57.03
Vanuatu,VUT,2011,58.33
Tunisia,TUN,2011,58.24
Morocco,MAR,2011,58.72
Serbia,SRB,2011,59.14
Slovakia,SVK,2011,59.94
South Africa,ZAF,2011,59.56
Timor-Leste,TLS,2011,61.21
Indonesia,IDN,2011,61.04
Romania,ROU,2011,62.07
Equatorial Guinea,GNQ,2011,63.34
Gabon,GAB,2011,62.54
Zambia,ZMB,2011,62.78
Lebanon,LBN,2011,63.03
Bhutan,BTN,2011,62.59
Cambodia,KHM,2011,62.66
Malaysia,MYS,2011,63.48
Djibouti,DJI,2011,63.66
Mauritania,MRT,2011,63.91
Botswana,BWA,2011,66.52
Madagascar,MDG,2011,66.78
Angola,AGO,2011,68.25
Zimbabwe,ZWE,2011,67.99
Bosnia and Herzegovina,BIH,2011,67.88
Rwanda,RWA,2011,69.16
Somalia,SOM,2011,70.17
Mozambique,MOZ,2011,71.34
Lao People's Democratic Republic,LAO,2011,70.68
Uganda,UGA,2011,72.51
Senegal,SEN,2011,73.22
Liberia,LBR,2011,73.93
Montenegro,MNE,2011,74.32
Bangladesh,BGD,2011,74.44
Mali,MLI,2011,74.52
United Arab Emirates,ARE,2011,76.0
Nepal,NPL,2011,77.17
Myanmar,MMR,2011,78.24
Sudan,SDN,2011,78.67
Congo,COG,2011,79.55
Syrian Arab Republic,SYR,2011,80.36
Bulgaria,BGR,2011,79.73
Bahrain,BHR,2011,80.28
North Macedonia,MKD,2011,81.68
Philippines,PHL,2011,83.12
Democratic Republic of the Congo,COD,2011,84.48
Burundi,BDI,2011,84.05
Ukraine,UKR,2011,84.17
Republic of Moldova,MDA,2011,85.11
Armenia,ARM,2011,84.78
Eswatini,SWZ,2011,86.16
Sao Tome and Principe,STP,2011,86.26
Benin,BEN,2011,86.73
Eritrea,ERI,2011,88.01
China,CHN,2011,87.73
Bahamas,BHS,2011,8.86
Belarus,BLR,2011,90.49
Georgia,GEO,2011,90.37
India,IND,2011,92.74
Nigeria,NGA,2011,93.47
Burkina Faso,BFA,2011,94.58
Iraq,IRQ,2011,94.63
Gambia,GMB,2011,98.8
Guinea,GIN,2010,101.7
Kazakhstan,KAZ,2010,102.8
Ghana,GHA,2010,105.4
Niger,NER,2010,106.0
Lesotho,LSO,2010,107.0
Togo,TGO,2010,107.0
Democratic People's Republic of Korea,PRK,2010,107.0
Cote d'Ivoire,CIV,2010,108.1
Yemen,YEM,2010,108.9
Egypt,EGY,2010,110.0
Sierra Leone,SLE,2010,110.7
Guinea-Bissau,GNB,2010,110.9
Central African Republic,CAF,2010,112.4
Chad,TCD,2010,113.3
Saudi Arabia,SAU,2010,113.3
Qatar,QAT,2010,113.0
Turkmenistan,TKM,2010,115.5
Canada,CAN,2010,12.07
Cameroon,CMR,2010,123.3
Oman,OMN,2010,125.7
Pakistan,PAK,2010,125.7
Iceland,ISL,2010,13.31
Australia,AUS,2010,12.94
Azerbaijan,AZE,2010,130.2
Kyrgyzstan,KGZ,2010,131.7
France,FRA,2010,14.27
Norway,NOR,2010,14.23
Uzbekistan,UZB,2010,142.7
Mongolia,MNG,2010,145.6
Spain,ESP,2010,15.18
Sweden,SWE,2010,14.84
Finland,FIN,2010,15.22
Switzerland,CHE,2010,16.23
Afghanistan,AFG,2010,167.7
New Zealand,NZL,2010,16.62
Saint Lucia,LCA,2010,17.24
Tajikistan,TJK,2010,176.6
Barbados,BRB,2010,17.56
Japan,JPN,2010,17.94
Portugal,PRT,2010,18.03
Luxembourg,LUX,2010,19.13
United States of America,USA,2010,19.22
Israel,ISR,2010,19.45
Belize,BLZ,2010,20.38
Ireland,IRL,2010,19.98
Jamaica,JAM,2010,19.65
Uruguay,URY,2010,20.74
Denmark,DNK,2010,21.34
Italy,ITA,2010,20.85
Netherlands (Kingdom of the),NLD,2010,21.29
Antigua and Barbuda,ATG,2010,21.52
United Kingdom of Great Britain and Northern Ireland,GBR,2010,21.95
Costa Rica,CRI,2010,22.39
Tonga,TON,2010,23.28
Belgium,BEL,2010,23.59
Dominican Republic,DOM,2010,23.9
Panama,PAN,2010,25.25
Germany,DEU,2010,24.87
Austria,AUT,2010,25.05
Cyprus,CYP,2010,25.95
Chile,CHL,2010,25.53
Republic of Korea,KOR,2010,26.31
Brunei Darussalam,BRN,2010,26.86
Slovenia,SVN,2010,27.38
Trinidad and Tobago,TTO,2010,28.22
Ecuador,ECU,2010,27.91
Colombia,COL,2010,28.39
Estonia,EST,2010,29.08
Samoa,WSM,2010,31.29
Saint Vincent and the Grenadines,VCT,2010,31.45
Mauritius,MUS,2010,31.25
Singapore,SGP,2010,31.42
Malta,MLT,2010,31.02
Suriname,SUR,2010,31.59
Cuba,CUB,2010,32.17
Grenada,GRD,2010,32.35
Peru,PER,2010,32.07
Thailand,THA,2010,32.17
Paraguay,PRY,2010,33.23
Argentina,ARG,2010,33.18
Brazil,BRA,2010,33.03
Mexico,MEX,2010,32.72
Kenya,KEN,2010,34.5
Papua New Guinea,PNG,2010,36.1
Greece,GRC,2010,36.45
El Salvador,SLV,2010,37.25
Fiji,FJI,2010,37.55
Maldives,MDV,2010,39.48
Venezuela (Bolivarian Republic of),VEN,2010,40.23
United Republic of Tanzania,TZA,2010,41.49
Jordan,JOR,2010,40.82
Türkiye,TUR,2010,42.95
South Sudan,SSD,2010,44.39
Cabo Verde,CPV,2010,44.03
Nicaragua,NIC,2010,43.73
Seychelles,SYC,2010,45.9
Sri Lanka,LKA,2010,46.62
Honduras,HND,2010,48.24
Micronesia (Federated States of),FSM,2010,49.22
Namibia,NAM,2010,49.36
Comoros,COM,2010,48.85
Croatia,HRV,2010,48.8
Czechia,CZE,2010,49.65
Albania,ALB,2010,50.08
Kiribati,KIR,2010,51.47
Haiti,HTI,2010,52.31
Algeria,DZA,2010,51.51
Guatemala,GTM,2010,51.82
Kuwait,KWT,2010,51.94
Libya,LBY,2010,53.12
Solomon Islands,SLB,2010,55.48
Guyana,GUY,2010,54.56
Iran (Islamic Republic of),IRN,2010,54.6
Lithuania,LTU,2010,55.82
Vanuatu,VUT,2010,56.59
Ethiopia,ETH,2010,57.22
Hungary,HUN,2010,56.88
Viet Nam,VNM,2010,56.53
Bolivia (Plurinational State of),BOL,2010,57.91
Poland,POL,2010,57.92
Malawi,MWI,2010,59.06
Morocco,MAR,2010,58.72
Latvia,LVA,2010,60.32
Tunisia,TUN,2010,60.11
Serbia,SRB,2010,60.12
Equatorial Guinea,GNQ,2010,62.3
Zambia,ZMB,2010,62.17
Gabon,GAB,2010,62.84
Djibouti,DJI,2010,63.34
Timor-Leste,TLS,2010,63.05
South Africa,ZAF,2010,63.08
Mauritania,MRT,2010,63.5
Lebanon,LBN,2010,63.82
Indonesia,IDN,2010,63.55
Romania,ROU,2010,64.1
Bhutan,BTN,2010,63.64
Russian Federation,RUS,2010,66.33
Cambodia,KHM,2010,65.85
Bosnia and Herzegovina,BIH,2010,66.32
Madagascar,MDG,2010,66.98
Slovakia,SVK,2010,66.84
Malaysia,MYS,2010,66.73
Botswana,BWA,2010,68.3
Zimbabwe,ZWE,2010,69.56
Angola,AGO,2010,70.61
Mozambique,MOZ,2010,71.21
Rwanda,RWA,2010,72.11
Liberia,LBR,2010,71.79
Somalia,SOM,2010,73.1
Uganda,UGA,2010,72.9
Montenegro,MNE,2010,72.88
Senegal,SEN,2010,73.56
Nepal,NPL,2010,75.47
Sudan,SDN,2010,76.09
North Macedonia,MKD,2010,76.3
Lao People's Democratic Republic,LAO,2010,76.38
Mali,MLI,2010,76.61
United Arab Emirates,ARE,2010,76.98
Congo,COG,2010,80.81
Syrian Arab Republic,SYR,2010,81.19
Bulgaria,BGR,2010,81.8
Myanmar,MMR,2010,82.66
Bangladesh,BGD,2010,83.1
Armenia,ARM,2010,84.08
Democratic Republic of the Congo,COD,2010,86.35
Burundi,BDI,2010,86.3
Sao Tome and Principe,STP,2010,85.74
China,CHN,2010,85.86
Georgia,GEO,2010,87.04
Benin,BEN,2010,86.9
Philippines,PHL,2010,86.62
Eritrea,ERI,2010,88.54
Bahamas,BHS,2010,9.18
Bahrain,BHR,2010,89.79
Eswatini,SWZ,2010,91.41
Ukraine,UKR,2010,92.18
India,IND,2010,93.24
Nigeria,NGA,2010,93.81
Burkina Faso,BFA,2010,95.48
Belarus,BLR,2010,95.77
Gambia,GMB,2010,97.19
Iraq,IRQ,2010,96.61
Republic of Moldova,MDA,2010,98.28
